{"cameraMode":{"drawMode":0,"name":"Shaded","section":"Shading Mode"},"sceneLighting":true,"audioPlay":false,"sceneViewState":{"showFog":true,"showMaterialUpdate":false,"showSkybox":true,"showFlares":true,"showImageEffects":true,"showParticleSystems":true},"in2DMode":false,"pivot":{"x":791.6526489257813,"y":66.0689697265625,"z":-10.721435546875},"rotation":{"x":0.2718517780303955,"y":0.023093394935131074,"z":-0.006525692995637655,"w":0.9620400667190552},"size":175.44725036621095,"orthographic":false}