{"cameraMode":{"drawMode":0,"name":"Shaded","section":"Shading Mode"},"sceneLighting":true,"audioPlay":false,"sceneViewState":{"showFog":true,"showMaterialUpdate":false,"showSkybox":true,"showFlares":true,"showImageEffects":true,"showParticleSystems":true},"in2DMode":false,"pivot":{"x":-4.1241350173950199,"y":1.9408231973648072,"z":-0.005300197284668684},"rotation":{"x":-0.23096679151058198,"y":0.014893211424350739,"z":-0.0035372315905988218,"w":-0.9728461503982544},"size":2.405579090118408,"orthographic":false}