{"cameraMode":{"drawMode":0,"name":"Shaded","section":"Shading Mode"},"sceneLighting":true,"audioPlay":false,"sceneViewState":{"showFog":true,"showMaterialUpdate":false,"showSkybox":true,"showFlares":true,"showImageEffects":true,"showParticleSystems":true},"in2DMode":false,"pivot":{"x":6.3654561042785648,"y":-11.194892883300782,"z":1.8430874347686768},"rotation":{"x":-0.6730462908744812,"y":0.00045351142762228847,"z":-0.0003894663241226226,"w":-0.7396155595779419},"size":13.152948379516602,"orthographic":false}