{"cameraMode":{"drawMode":0,"name":"Shaded","section":"Shading Mode"},"sceneLighting":true,"audioPlay":false,"sceneViewState":{"showFog":true,"showMaterialUpdate":false,"showSkybox":true,"showFlares":true,"showImageEffects":true,"showParticleSystems":true},"in2DMode":false,"pivot":{"x":711.9752197265625,"y":185.03634643554688,"z":794.2791748046875},"rotation":{"x":-0.10359923541545868,"y":-0.021781539544463159,"z":0.0022839512676000597,"w":-0.9943928718566895},"size":764.4081420898438,"orthographic":false}