{"cameraMode":{"drawMode":0,"name":"Shaded","section":"Shading Mode"},"sceneLighting":true,"audioPlay":false,"sceneViewState":{"showFog":true,"showMaterialUpdate":true,"showSkybox":true,"showFlares":true,"showImageEffects":true,"showParticleSystems":true},"in2DMode":false,"pivot":{"x":-8.444207191467286,"y":15.089131355285645,"z":30.040950775146486},"rotation":{"x":-0.013847107999026776,"y":0.9341320395469666,"z":-0.35481154918670657,"w":-0.036449115723371509},"size":22.24591064453125,"orthographic":false}