{"cameraMode":{"drawMode":0,"name":"Shaded","section":"Shading Mode"},"sceneLighting":true,"audioPlay":false,"sceneViewState":{"showFog":true,"showMaterialUpdate":false,"showSkybox":true,"showFlares":true,"showImageEffects":true,"showParticleSystems":true},"in2DMode":false,"pivot":{"x":6.649608612060547,"y":-0.40895581245422366,"z":0.014447890222072602},"rotation":{"x":-0.7011575698852539,"y":-0.0014960364205762745,"z":0.0014834442408755422,"w":-0.7130351066589356},"size":8.020342826843262,"orthographic":true}